SquareFootage,Bedrooms,Bathrooms,YearBuilt,Location,HasGarage,Price,IsExpensive
1660,2,2,1971,Suburban,1,514100.0,0
4572,5,4,1970,Rural,1,856400.0,0
3892,1,2,2000,Suburban,1,926100.0,0
1266,1,4,1987,Rural,1,371000.0,0
4244,1,4,1969,Urban,1,1162700.0,1
3971,1,4,1978,Suburban,1,961500.0,0
3719,1,2,2000,Rural,0,705400.0,0
930,5,4,1953,Urban,0,503600.0,0
2485,3,3,2004,Urban,0,819600.0,0
1569,2,1,2020,Suburban,0,540600.0,0
3191,1,1,1977,Urban,1,871300.0,0
3233,3,4,1953,Suburban,1,842900.0,0
1984,3,1,1971,Rural,1,412000.0,0
4185,2,2,2025,Suburban,0,1023400.0,1
4917,5,2,1994,Urban,0,1458200.0,1
3704,4,1,2016,Suburban,1,1011200.0,1
1274,4,2,2015,Suburban,1,584900.0,0
1882,3,1,1983,Urban,0,617600.0,0
3358,2,1,2004,Suburban,1,824600.0,0
2847,4,1,1950,Suburban,1,671400.0,0
3547,3,4,2021,Suburban,1,982200.0,1
1775,5,1,1987,Urban,1,757500.0,0
2606,4,4,1955,Suburban,0,754600.0,0
989,3,1,1974,Urban,0,440000.0,0
3534,3,1,1966,Urban,1,1011500.0,1
3805,1,1,2010,Rural,1,659200.0,0
2699,5,2,1961,Suburban,1,784900.0,0
2067,1,4,1955,Urban,1,701900.0,0
2328,2,4,1976,Urban,0,736800.0,0
4002,1,1,1957,Urban,1,1038500.0,1
4356,1,1,2014,Urban,0,1193400.0,1
4690,4,2,2006,Urban,1,1374200.0,1
1446,3,2,1989,Urban,1,640100.0,0
3688,5,2,1963,Suburban,1,1034800.0,1
3235,1,4,1984,Suburban,1,833900.0,0
1400,5,4,1997,Suburban,1,641600.0,0
3163,1,4,2005,Suburban,1,833800.0,0
2861,2,1,1998,Urban,1,889300.0,0
1041,1,4,1962,Rural,0,290300.0,0
2841,4,3,2010,Rural,0,625800.0,0
3624,3,3,1998,Rural,0,668500.0,0
3412,2,2,1995,Rural,0,630700.0,0
2163,1,4,2011,Rural,1,536600.0,0
2278,5,3,1957,Suburban,1,728700.0,0
3356,2,2,1992,Urban,1,1030300.0,1
1575,2,4,1969,Suburban,0,507900.0,0
4814,1,1,1988,Suburban,1,1089200.0,1
834,2,3,1998,Suburban,1,429100.0,0
3952,5,1,2013,Suburban,1,1037600.0,1
2755,2,4,2011,Urban,1,963800.0,0
2385,5,3,2003,Suburban,1,775800.0,0
4743,1,4,1958,Rural,0,762300.0,0
3873,3,1,1986,Suburban,0,931500.0,0
1821,2,3,1998,Suburban,1,611100.0,0
4261,3,1,1990,Urban,1,1178200.0,1
3413,5,4,1966,Suburban,1,985800.0,1
4643,2,4,1970,Rural,0,812300.0,0
2300,4,1,2000,Suburban,1,693100.0,0
961,3,3,2008,Suburban,1,449600.0,0
2781,2,1,1988,Suburban,1,721500.0,0
1795,3,4,2004,Suburban,0,620200.0,0
4142,2,1,1990,Urban,0,1121600.0,1
4598,1,4,1988,Suburban,1,1083700.0,1
2075,3,1,1962,Suburban,1,537900.0,0
1816,4,3,2013,Suburban,0,646000.0,0
1137,4,3,1960,Suburban,0,450000.0,0
1678,5,1,1968,Rural,1,445200.0,0
1876,2,1,1960,Urban,1,593000.0,0
4793,3,3,1995,Rural,1,910600.0,0
1179,5,4,1994,Urban,1,641300.0,0
1292,3,3,1950,Suburban,1,501700.0,0
2862,2,4,1989,Urban,0,908000.0,0
4684,4,1,1968,Urban,1,1318900.0,1
864,1,1,2025,Suburban,1,396700.0,0
3368,4,4,2021,Urban,1,1200400.0,1
2827,5,1,2021,Suburban,1,855700.0,0
3495,1,4,2010,Rural,0,634000.0,0
2295,5,2,1961,Urban,0,833900.0,0
1191,2,3,2010,Suburban,1,501500.0,0
4361,1,2,1982,Suburban,0,979800.0,1
3078,5,4,1994,Suburban,0,942000.0,0
3899,2,3,2018,Urban,1,1164100.0,1
1000,4,4,1957,Urban,1,571600.0,0
3904,2,3,1974,Urban,1,1105000.0,1
3254,3,3,1995,Urban,1,1043800.0,1
4445,2,3,1979,Urban,1,1246500.0,1
1604,2,3,1996,Suburban,1,523500.0,0
3531,3,4,1998,Rural,1,695900.0,0
3573,5,3,1996,Rural,1,780000.0,0
2370,5,3,1967,Suburban,1,770300.0,0
3490,2,2,2015,Urban,1,1070900.0,1
4640,3,1,2017,Urban,1,1339600.0,1
1828,3,1,1982,Urban,1,662100.0,0
1302,4,2,1985,Urban,1,652600.0,0
1670,5,2,1968,Suburban,0,569800.0,0
1006,1,4,1977,Suburban,1,422500.0,0
2284,5,4,1989,Suburban,0,786800.0,0
1663,5,4,2025,Suburban,1,699400.0,0
3590,4,2,1964,Rural,1,718300.0,0
1363,1,2,1990,Suburban,1,420700.0,0
4991,4,3,1988,Urban,1,1485500.0,1
2557,1,4,1951,Rural,1,483100.0,0
2478,2,4,2012,Rural,1,559100.0,0
4042,1,4,1978,Urban,1,1099300.0,1
1859,4,1,2023,Suburban,1,649900.0,0
2522,5,3,2015,Suburban,0,791100.0,0
4114,1,4,2000,Rural,0,720300.0,0
3957,1,4,2024,Rural,0,735100.0,0
3425,3,4,1959,Urban,1,1074000.0,1
3529,5,1,1963,Suburban,1,919700.0,0
2397,2,1,2000,Suburban,1,678700.0,0
3860,4,2,2022,Suburban,0,996100.0,1
3493,2,3,1988,Urban,0,1001900.0,1
4427,5,2,1977,Rural,1,872600.0,0
2163,1,3,1952,Suburban,0,530700.0,0
2781,1,1,2019,Rural,1,587800.0,0
2463,5,4,1976,Rural,1,584100.0,0
2329,1,2,1951,Suburban,1,582900.0,0
2838,1,4,1987,Suburban,0,769100.0,0
4102,1,2,1952,Suburban,0,917000.0,0
3037,4,1,1965,Urban,0,904300.0,0
2106,4,1,1989,Suburban,1,650100.0,0
4829,3,1,1951,Urban,1,1266000.0,1
3475,2,2,1990,Suburban,0,859400.0,0
2082,5,3,1961,Urban,1,828700.0,0
1509,5,2,1984,Urban,1,695700.0,0
4548,5,3,2014,Urban,0,1410700.0,1
1463,3,2,2004,Urban,1,691500.0,0
2798,4,2,1994,Suburban,1,824300.0,0
4245,3,1,2011,Suburban,0,1037500.0,1
4543,5,4,1998,Suburban,1,1173500.0,1
2295,2,4,1974,Urban,1,730700.0,0
4104,1,3,1972,Urban,1,1135700.0,1
4563,4,4,1973,Urban,1,1349900.0,1
2653,4,2,1987,Urban,1,900900.0,0
2091,3,2,1977,Rural,1,473600.0,0
4381,4,1,1970,Urban,1,1233700.0,1
4257,5,1,2003,Suburban,1,1131900.0,1
2436,5,4,1967,Urban,1,919000.0,0
4496,3,3,1985,Urban,0,1250800.0,1
3799,5,4,1994,Suburban,1,1093800.0,1
3952,2,4,2022,Suburban,1,1044200.0,1
1498,3,4,2002,Urban,1,716600.0,0
2960,2,4,1979,Urban,1,936300.0,0
4897,1,2,2009,Suburban,0,1093900.0,1
1654,2,3,1981,Urban,1,647200.0,0
4274,1,2,2016,Urban,0,1180300.0,1
2507,1,3,2016,Rural,1,548600.0,0
3577,2,1,1977,Suburban,1,849700.0,0
2533,3,4,1993,Suburban,1,731400.0,0
4310,5,2,1990,Suburban,1,1105400.0,1
1002,5,3,2012,Suburban,1,578400.0,0
4055,1,1,1972,Suburban,1,901300.0,0
1566,1,1,2024,Suburban,1,516400.0,0
3127,3,4,1997,Suburban,1,916700.0,0
3731,4,3,1981,Urban,1,1143400.0,1
997,2,2,2006,Suburban,0,378600.0,0
2730,1,4,1982,Suburban,0,711500.0,0
4382,5,2,1973,Rural,1,805400.0,0
1408,3,1,1988,Suburban,1,477100.0,0
4072,2,2,1983,Suburban,1,972100.0,1
1947,3,2,2005,Urban,0,739300.0,0
4197,2,4,1977,Suburban,1,1032400.0,1
3311,2,2,1986,Urban,1,994500.0,1
2594,1,4,1956,Urban,0,813800.0,0
1459,3,1,2017,Urban,1,637900.0,0
3611,3,4,1986,Suburban,1,972900.0,1
2169,5,4,2005,Urban,1,908000.0,0
2786,5,3,2014,Suburban,1,868400.0,0
946,1,2,2014,Rural,1,292400.0,0
4019,1,1,1996,Urban,0,1056200.0,1
3711,4,4,1969,Suburban,1,998600.0,1
2534,5,1,1968,Suburban,1,797100.0,0
2643,2,3,1978,Urban,1,835900.0,0
1288,3,2,2023,Suburban,1,537800.0,0
3776,1,4,2009,Urban,1,1137800.0,1
2759,3,2,1967,Suburban,1,751500.0,0
3185,3,3,1984,Suburban,0,845400.0,0
3719,4,3,1992,Suburban,1,1034300.0,1
2602,5,1,1960,Suburban,1,679200.0,0
4861,1,4,1998,Urban,1,1296200.0,1
4169,3,1,1987,Urban,1,1170800.0,1
1062,1,3,2013,Suburban,0,458100.0,0
1423,2,2,2018,Suburban,1,498200.0,0
1816,4,1,1957,Rural,1,340400.0,0
4443,2,1,1983,Rural,1,771200.0,0
2849,1,2,1997,Rural,1,554500.0,0
4523,1,1,2005,Suburban,1,1013100.0,1
3908,5,2,2025,Urban,0,1225800.0,1
4890,3,4,2014,Suburban,1,1215700.0,1
2856,3,2,1980,Suburban,0,754800.0,0
3970,2,4,1953,Urban,1,1108600.0,1
2482,4,2,1999,Rural,0,558000.0,0
3055,3,3,2018,Rural,0,565600.0,0
1954,5,3,1979,Suburban,1,666800.0,0
3991,2,4,2008,Urban,1,1189800.0,1
2496,2,4,2016,Suburban,1,767000.0,0
4791,5,3,2024,Rural,1,927000.0,0
2448,4,4,1994,Rural,1,605200.0,0
2245,5,2,1953,Urban,1,757800.0,0
4999,4,2,1975,Urban,1,1402200.0,1
4723,5,3,1976,Rural,0,877500.0,0
1053,5,1,1995,Suburban,1,549500.0,0
3983,1,2,2013,Suburban,1,960700.0,0
3357,2,4,2000,Rural,1,680600.0,0
898,5,1,1999,Urban,0,488800.0,0
3000,5,1,1955,Suburban,0,721100.0,0
3761,3,2,2008,Urban,0,1144800.0,1
4577,2,2,1964,Suburban,1,1043000.0,1
3669,3,1,1979,Rural,1,698300.0,0
4034,2,1,1991,Suburban,0,900200.0,0
4591,3,3,1986,Rural,1,844900.0,0
1756,5,4,1991,Suburban,1,735800.0,0
4867,5,3,1984,Urban,1,1455700.0,1
960,1,2,1955,Urban,1,401900.0,0
2100,3,3,2017,Suburban,0,684900.0,0
4787,4,3,1967,Suburban,1,1124900.0,1
2327,1,3,2022,Urban,1,857000.0,0
2018,3,3,1978,Suburban,1,625800.0,0
3904,3,4,2008,Suburban,1,1062800.0,1
3535,1,4,1996,Suburban,0,843900.0,0
1754,5,1,1966,Suburban,1,562600.0,0
4246,3,2,1971,Suburban,0,1031300.0,1
1845,5,3,2017,Urban,1,837200.0,0
2493,1,1,2018,Urban,1,840200.0,0
4236,5,1,1986,Suburban,0,1049100.0,1
1362,2,1,1998,Suburban,1,431800.0,0
3285,4,4,1962,Urban,0,1051000.0,1
4154,3,3,1983,Rural,1,754700.0,0
1025,4,3,2002,Suburban,1,537700.0,0
1759,5,2,2000,Suburban,1,661200.0,0
3867,3,3,1952,Urban,1,1071300.0,1
1615,5,3,1991,Suburban,1,646500.0,0
3920,2,1,1981,Suburban,1,980000.0,1
816,1,2,2000,Suburban,1,384400.0,0
2043,3,3,1995,Suburban,1,667700.0,0
3005,2,4,1970,Rural,0,602200.0,0
3324,2,3,1993,Suburban,1,878600.0,0
1869,3,1,1960,Urban,0,618200.0,0
4244,5,4,2017,Suburban,1,1155400.0,1
3365,2,1,1950,Suburban,0,760700.0,0
1860,4,3,2012,Suburban,0,688300.0,0
3127,2,4,1973,Urban,1,953700.0,0
4220,5,2,1962,Urban,1,1281100.0,1
1101,5,2,1960,Rural,1,355700.0,0
1406,4,4,2000,Suburban,0,560800.0,0
3970,2,4,1966,Rural,1,746100.0,0
1499,5,1,1973,Suburban,1,547600.0,0
1939,3,4,1968,Suburban,1,652500.0,0
990,1,1,1986,Suburban,0,331500.0,0
3100,1,3,1957,Rural,1,555600.0,0
1780,1,1,1977,Suburban,0,484100.0,0
3775,2,4,1954,Suburban,1,930500.0,0
1984,4,4,1966,Urban,1,734000.0,0
4127,5,3,1985,Suburban,1,1068300.0,1
4194,3,4,1968,Suburban,1,1071600.0,1
927,3,4,2013,Urban,1,594600.0,0
2865,2,2,1960,Urban,1,835200.0,0
2616,1,2,2003,Urban,1,796500.0,0
1369,2,3,1994,Urban,1,577600.0,0
2695,4,1,1996,Urban,1,862600.0,0
3533,4,2,1961,Suburban,1,901900.0,0
4663,5,1,1970,Rural,1,822400.0,0
4814,5,4,1960,Suburban,1,1184800.0,1
3701,4,2,1954,Urban,1,1085000.0,1
2486,4,3,2005,Urban,1,940300.0,0
3809,4,3,1969,Suburban,0,1014000.0,1
954,2,3,1990,Suburban,1,395300.0,0
3337,4,2,1995,Rural,1,705500.0,0
2209,3,1,1961,Suburban,0,610400.0,0
4857,1,4,2019,Suburban,0,1138500.0,1
1584,4,1,1966,Urban,1,629600.0,0
3975,1,1,1968,Suburban,1,877000.0,0
3606,2,4,1975,Urban,1,1085900.0,1
1337,1,4,1997,Rural,0,392500.0,0
2641,2,2,2001,Suburban,1,753200.0,0
3255,3,2,2019,Urban,0,1044900.0,1
1324,2,2,2004,Urban,1,576000.0,0
3750,2,2,2024,Urban,0,1076400.0,1
4931,5,2,1982,Suburban,0,1188900.0,1
4915,4,4,2011,Urban,0,1490300.0,1
3168,4,1,1972,Suburban,1,793600.0,0
4647,3,2,1964,Urban,0,1217400.0,1
3501,3,2,1976,Suburban,1,893700.0,0
1771,4,1,2024,Rural,1,453200.0,0
1966,5,2,2013,Suburban,1,696800.0,0
3574,4,1,2000,Suburban,1,934500.0,0
2782,5,1,2002,Urban,1,941300.0,0
1653,3,4,2000,Urban,0,679600.0,0
4946,1,3,1996,Suburban,1,1164800.0,1
4536,3,4,1953,Suburban,0,1032600.0,1
4569,3,3,1956,Suburban,0,1014900.0,1
1374,2,3,1984,Urban,1,573700.0,0
4061,2,3,1997,Urban,1,1209200.0,1
1948,2,2,2022,Urban,1,745800.0,0
2515,2,4,2021,Rural,1,567700.0,0
4654,5,3,1994,Urban,1,1416500.0,1
3291,4,1,2021,Suburban,0,853100.0,0
3460,1,2,1968,Urban,0,938700.0,0
3924,3,4,2012,Suburban,0,1043700.0,1
3851,5,3,1987,Urban,0,1190700.0,1
804,1,1,2016,Rural,1,299600.0,0
1676,5,4,2008,Rural,1,487600.0,0
1791,5,4,2018,Urban,0,858700.0,0
4942,3,2,1962,Rural,1,843800.0,0
1435,4,4,1996,Rural,1,441100.0,0
2493,2,2,2010,Rural,0,515400.0,0
2482,4,3,1980,Rural,0,538900.0,0
919,3,2,1971,Urban,0,480400.0,0
1630,3,1,1992,Suburban,0,495400.0,0
4475,3,2,2016,Urban,0,1271800.0,1
2169,1,1,2003,Urban,1,735500.0,0
1540,4,2,1959,Rural,0,361800.0,0
916,4,4,1991,Urban,1,616200.0,0
3638,5,3,2013,Suburban,1,1087500.0,1
1950,5,1,1970,Rural,1,458300.0,0
2731,5,2,2025,Rural,1,663000.0,0
1812,3,2,2015,Rural,0,420700.0,0
2464,4,2,1990,Urban,1,896700.0,0
1881,3,4,1973,Urban,1,744200.0,0
1312,1,4,1984,Suburban,0,469200.0,0
3649,5,1,2005,Urban,0,1121700.0,1
1359,3,1,1979,Urban,1,521700.0,0
4472,3,4,2006,Suburban,1,1164600.0,1
4143,1,1,1996,Suburban,1,906500.0,0
4870,2,3,1984,Suburban,1,1137500.0,1
2270,4,3,1968,Urban,1,848100.0,0
1380,2,4,1957,Suburban,0,466200.0,0
3094,5,1,1975,Urban,1,1047800.0,1
3947,3,2,2020,Urban,0,1208900.0,1
2479,1,3,1979,Suburban,0,628200.0,0
4306,1,4,1956,Suburban,1,995600.0,1
3544,4,1,2016,Suburban,1,960500.0,0
4156,2,4,2014,Urban,1,1223700.0,1
4845,4,2,1985,Rural,1,847900.0,0
2043,3,3,1974,Suburban,1,626200.0,0
3918,4,4,1986,Suburban,0,975000.0,1
2941,1,4,1950,Suburban,0,711400.0,0
3859,1,4,1964,Rural,0,657800.0,0
3759,5,2,1986,Suburban,1,967500.0,0
3065,5,4,1962,Suburban,1,900000.0,0
3279,3,2,1957,Rural,1,626500.0,0
2435,2,2,1954,Suburban,1,640900.0,0
2557,4,2,2009,Suburban,1,783000.0,0
2870,3,3,2022,Suburban,0,848100.0,0
3649,5,3,1950,Suburban,0,951800.0,0
4051,4,4,1985,Urban,1,1268800.0,1
4530,5,4,1984,Suburban,1,1169200.0,1
3289,4,3,2015,Rural,1,712600.0,0
2431,2,1,2012,Rural,0,524000.0,0
3616,3,3,1972,Urban,1,1073100.0,1
1815,4,2,1958,Suburban,1,636600.0,0
2148,1,3,1983,Urban,0,678400.0,0
3887,1,2,1995,Rural,1,688400.0,0
3639,4,4,1953,Rural,1,688600.0,0
1135,4,1,1979,Suburban,1,472900.0,0
1695,4,4,2024,Rural,0,451100.0,0
4346,1,2,2021,Suburban,1,1036900.0,1
1651,1,2,1952,Suburban,1,432200.0,0
2487,4,2,1963,Urban,1,842400.0,0
2731,5,1,2009,Suburban,1,856000.0,0
4546,5,3,1994,Suburban,1,1202000.0,1
3227,2,4,1983,Suburban,1,803100.0,0
2368,3,4,1994,Suburban,1,799300.0,0
4800,5,3,2010,Rural,1,934700.0,0
3538,1,4,1965,Urban,0,967500.0,0
4298,5,1,2015,Suburban,1,1131700.0,1
4713,2,4,1989,Suburban,0,1123200.0,1
1866,2,2,1966,Suburban,1,530500.0,0
3244,3,3,1983,Suburban,1,878500.0,0
4907,5,1,1965,Urban,1,1359300.0,1
4173,1,3,2009,Urban,1,1190700.0,1
4769,1,1,2015,Suburban,1,1082300.0,1
3346,4,2,2015,Suburban,0,883400.0,0
1553,1,3,1962,Urban,1,562400.0,0
2882,3,4,2005,Suburban,1,872700.0,0
3574,3,1,1980,Suburban,0,876300.0,0
3696,1,3,1983,Suburban,0,894500.0,0
4985,1,4,1988,Rural,1,868500.0,0
1575,4,3,2016,Urban,1,738900.0,0
2425,1,3,1957,Urban,1,760000.0,0
3869,4,3,2004,Suburban,1,1012400.0,1
1217,4,1,1976,Suburban,0,430500.0,0
914,1,4,2002,Suburban,1,410200.0,0
1416,2,2,1988,Rural,1,392600.0,0
4774,2,1,2014,Rural,1,857100.0,0
4067,4,1,1966,Rural,1,743100.0,0
1625,1,1,1979,Suburban,1,498100.0,0
2316,2,2,2002,Suburban,1,657600.0,0
3946,1,4,1962,Suburban,1,945700.0,0
1212,1,4,1970,Urban,0,489500.0,0
1528,1,4,1968,Suburban,1,521500.0,0
4148,5,3,2002,Urban,1,1316200.0,1
3608,1,3,1968,Rural,1,627800.0,0
1475,5,3,2006,Suburban,0,625600.0,0
4265,4,2,1974,Suburban,1,1079000.0,1
3304,2,3,1980,Suburban,0,809700.0,0
3767,2,2,2004,Urban,1,1112900.0,1
3586,2,4,1972,Urban,1,1045700.0,1
1922,2,3,1981,Suburban,1,536400.0,0
4879,2,3,2011,Urban,0,1365600.0,1
2371,2,1,2023,Suburban,1,713200.0,0
2943,2,2,1959,Rural,1,550300.0,0
2487,4,4,2021,Rural,1,569300.0,0
4932,1,1,2003,Suburban,1,1104100.0,1
4651,3,1,2001,Urban,1,1254500.0,1
4240,5,4,1969,Rural,1,858900.0,0
4566,3,1,1981,Rural,0,747000.0,0
3126,3,2,1963,Urban,0,945000.0,0
3714,1,2,1999,Suburban,1,927600.0,0
4752,1,3,1977,Urban,1,1251500.0,1
1395,1,1,2002,Rural,1,312200.0,0
1528,2,3,1973,Rural,0,370900.0,0
2165,4,1,1971,Urban,0,707400.0,0
1498,2,2,1979,Rural,1,370200.0,0
1195,4,2,2012,Suburban,0,507300.0,0
4971,4,2,1953,Rural,1,811400.0,0
3302,3,1,2008,Suburban,0,796300.0,0
2619,3,2,1957,Rural,1,524500.0,0
1517,4,1,1961,Urban,1,588000.0,0
3582,4,3,1980,Urban,0,1083900.0,1
4377,2,1,1983,Urban,1,1205300.0,1
943,2,3,2024,Rural,0,364000.0,0
3940,3,1,2025,Rural,1,745800.0,0
3738,1,3,1998,Rural,1,677200.0,0
4436,4,2,2006,Rural,1,849700.0,0
4022,2,3,1975,Urban,1,1112900.0,1
1967,3,2,1967,Suburban,1,601400.0,0
3416,2,2,1987,Urban,0,995200.0,1
1862,4,3,1999,Urban,0,774000.0,0
2956,4,1,1957,Urban,1,857900.0,0
3782,5,1,1990,Suburban,1,979300.0,1
4094,1,4,1955,Urban,1,1098600.0,1
1956,5,1,2018,Urban,1,825400.0,0
1532,3,4,1993,Urban,1,708200.0,0
1753,2,1,2013,Urban,1,707100.0,0
3339,3,1,1978,Rural,1,610500.0,0
4124,4,2,1977,Suburban,1,1022800.0,1
4101,5,4,1960,Rural,1,825300.0,0
2342,5,1,2014,Suburban,0,748600.0,0
1991,5,4,1968,Urban,0,824400.0,0
3793,3,2,1958,Suburban,0,901300.0,0
3481,4,2,1976,Urban,0,1016200.0,1
2017,2,4,1983,Urban,1,717700.0,0
2340,2,2,1993,Urban,1,749600.0,0
4036,3,3,2017,Urban,1,1268200.0,1
3186,5,3,1964,Urban,1,1079400.0,1
4519,1,2,2000,Suburban,1,1099700.0,1
2188,3,3,1962,Suburban,0,646100.0,0
2656,3,1,1998,Urban,0,873600.0,0
2165,4,4,2019,Urban,0,864600.0,0
1299,2,1,2005,Rural,1,322900.0,0
2480,3,4,2025,Urban,0,944400.0,0
1310,3,2,2000,Urban,0,591800.0,0
2124,5,1,1986,Rural,1,511000.0,0
1955,5,2,1966,Urban,1,772400.0,0
2627,1,2,2007,Urban,0,817700.0,0
3941,4,4,1978,Suburban,1,1076500.0,1
4286,1,4,1982,Urban,1,1238100.0,1
2610,5,4,2009,Suburban,1,884600.0,0
3723,2,1,2004,Rural,1,701600.0,0
3014,5,3,1959,Urban,0,987600.0,1
4986,4,4,1996,Suburban,0,1224700.0,1
1513,5,4,1972,Suburban,1,637000.0,0
4402,4,1,1970,Urban,1,1204900.0,1
4934,4,4,1962,Suburban,1,1231400.0,1
4322,4,1,1982,Urban,1,1212000.0,1
2043,4,2,1973,Suburban,1,654000.0,0
4509,4,4,1960,Urban,1,1298400.0,1
1881,2,4,1966,Suburban,1,605100.0,0
1255,1,2,2017,Urban,1,558300.0,0
1694,3,2,1996,Rural,0,374300.0,0
2184,1,2,1974,Urban,1,700700.0,0
2758,4,4,2022,Suburban,0,847700.0,0
3872,2,3,1970,Suburban,0,939200.0,0
2796,5,3,1961,Suburban,1,818300.0,0
1304,2,3,1986,Suburban,0,476600.0,0
2014,4,4,1991,Suburban,0,658500.0,0
2331,2,2,1966,Suburban,0,592700.0,0
4240,2,4,1997,Rural,1,778000.0,0
1623,4,2,1977,Urban,1,696500.0,0
1728,2,4,1990,Suburban,1,638200.0,0
933,3,4,1996,Rural,0,321100.0,0
2905,3,2,1967,Rural,1,594900.0,0
4427,2,3,2020,Rural,1,768800.0,0
2652,5,2,1962,Suburban,1,742600.0,0
4975,4,1,1962,Urban,1,1326600.0,1
3733,3,1,1980,Suburban,0,858900.0,0
4084,5,2,1951,Suburban,1,981200.0,1
3611,2,4,1965,Suburban,1,918500.0,0
2050,5,1,1958,Suburban,1,630100.0,0
4312,1,1,2022,Rural,1,767100.0,0
2056,3,4,1987,Suburban,1,698500.0,0
4176,2,4,2024,Rural,1,815000.0,0
4286,4,3,2003,Suburban,1,1138100.0,1
4384,2,4,2005,Urban,1,1296200.0,1
2196,4,2,1994,Suburban,1,674300.0,0
4437,2,2,1983,Suburban,0,1044800.0,1
4130,5,3,1958,Urban,1,1229200.0,1
3503,5,1,1957,Urban,1,1034800.0,1
1270,5,1,1956,Rural,1,357100.0,0
2153,1,4,1985,Urban,0,697400.0,0
3583,4,2,1967,Suburban,1,911500.0,0
3631,5,1,1952,Suburban,1,926700.0,0
1157,1,3,1977,Suburban,1,432500.0,0
3819,4,3,2019,Suburban,1,1035400.0,1
1467,2,2,1993,Urban,1,587600.0,0
1945,1,3,1970,Suburban,0,560700.0,0
4985,3,3,1977,Suburban,1,1198100.0,1
4519,1,2,2003,Suburban,0,1084200.0,1
3545,1,4,2003,Urban,0,1079500.0,1
1339,4,4,2014,Suburban,1,643900.0,0
3579,2,3,1970,Urban,1,1008400.0,1
4936,3,4,1962,Urban,1,1400400.0,1
4575,5,4,2006,Urban,1,1440700.0,1
3308,5,3,1998,Urban,1,1117400.0,1
3579,1,4,2003,Rural,1,688700.0,0
1724,4,3,1959,Urban,0,686000.0,0
3756,4,1,2002,Rural,1,737900.0,0
2381,5,2,1993,Rural,1,543800.0,0
4124,3,2,1996,Suburban,1,1051300.0,1
1055,2,4,2002,Urban,0,528400.0,0
2638,3,4,2023,Suburban,1,843400.0,0
2744,2,4,1995,Suburban,0,757200.0,0
809,5,2,1962,Suburban,0,402600.0,0
3671,2,1,1986,Urban,1,1059400.0,1
1597,4,1,1973,Suburban,1,518100.0,0
1815,1,2,1951,Rural,1,409500.0,0
2624,1,1,1963,Suburban,1,587500.0,0
3936,5,2,1959,Urban,1,1164400.0,1
2993,4,1,1984,Suburban,1,825400.0,0
1023,3,3,1974,Urban,1,545800.0,0
4958,4,3,1952,Urban,0,1347100.0,1
4725,1,2,1966,Rural,1,770500.0,0
4800,1,1,1961,Urban,1,1220100.0,1
2433,4,4,2003,Urban,1,935000.0,0
2952,4,1,1973,Urban,1,966200.0,0
1310,1,3,1978,Rural,1,356100.0,0
1184,3,3,1992,Suburban,1,528800.0,0
1204,5,1,1974,Suburban,1,477800.0,0
2800,5,1,2009,Suburban,0,816600.0,0
3556,4,4,2014,Urban,1,1193700.0,1
2468,5,4,1977,Suburban,1,775600.0,0
2260,1,1,1965,Suburban,1,577800.0,0
4436,1,1,1996,Urban,0,1144800.0,1
3524,4,1,2007,Suburban,1,962000.0,0
4978,4,1,2025,Rural,1,888300.0,0
2848,4,2,1976,Urban,1,981100.0,1
4946,3,1,2002,Urban,1,1352900.0,1
1516,5,4,1991,Urban,1,762500.0,0
2623,4,3,2008,Urban,1,985400.0,1
2881,2,2,1996,Rural,1,558800.0,0
4219,2,1,1983,Suburban,1,1004100.0,1
2374,1,3,1986,Suburban,0,604100.0,0
1049,5,2,1955,Suburban,1,504200.0,0
1473,4,3,1956,Urban,1,633300.0,0
2965,2,1,1974,Suburban,1,724800.0,0
1570,5,1,1982,Suburban,0,547500.0,0
4762,1,4,2004,Suburban,1,1165300.0,1
2784,3,1,2007,Rural,0,543700.0,0
1877,5,1,1956,Suburban,0,556900.0,0
1035,5,2,2006,Suburban,1,530100.0,0
1188,3,4,1961,Rural,1,329500.0,0
3837,5,2,1965,Urban,1,1213200.0,1
2648,1,3,1992,Urban,1,829700.0,0
3614,1,1,1956,Urban,0,936700.0,0
4174,3,3,2000,Urban,1,1259200.0,1
4078,4,2,2022,Suburban,1,1064300.0,1
2052,2,1,1981,Suburban,0,555900.0,0
4781,4,1,2024,Rural,1,906800.0,0
2922,5,2,1957,Suburban,1,810600.0,0
2950,2,2,2021,Suburban,1,852300.0,0
2129,3,2,1994,Urban,1,803700.0,0
2158,3,2,2008,Urban,1,830100.0,0
3282,2,2,1953,Suburban,1,778200.0,0
2817,1,1,2016,Suburban,1,714700.0,0
2131,2,2,1978,Rural,0,418600.0,0
2158,5,1,1978,Urban,1,806600.0,0
3977,1,1,1977,Urban,1,1071700.0,1
2928,3,2,1993,Suburban,1,754300.0,0
2980,2,2,1953,Urban,1,861600.0,0
937,4,4,1958,Urban,1,548700.0,0
4272,4,1,1954,Suburban,1,1003100.0,1
3632,5,2,2005,Urban,0,1190700.0,1
4379,4,2,1999,Suburban,1,1123100.0,1
3831,2,2,2024,Urban,1,1193400.0,1
4964,2,4,1964,Urban,0,1321700.0,1
3393,4,4,1981,Suburban,1,971100.0,0
4618,2,3,1977,Rural,1,846100.0,0
4938,5,1,1971,Suburban,1,1217600.0,1
4623,1,3,1966,Suburban,0,993800.0,1
4842,5,2,2008,Urban,0,1418300.0,1
2706,5,4,2020,Suburban,1,895200.0,0
1560,2,4,2006,Urban,0,672100.0,0
4245,1,3,1975,Suburban,1,1006400.0,1
1699,2,4,1974,Suburban,1,547900.0,0
3747,3,2,1959,Rural,0,657300.0,0
2519,2,4,1994,Suburban,0,671500.0,0
1080,2,3,1960,Urban,1,523100.0,0
4066,2,2,2002,Urban,1,1163000.0,1
2687,1,3,2021,Rural,1,567600.0,0
4066,2,4,2017,Suburban,1,1056000.0,1
1466,1,3,1977,Suburban,1,509300.0,0
4988,4,3,2024,Urban,1,1431500.0,1
1471,3,1,2014,Urban,1,643800.0,0
2769,1,4,1998,Urban,1,901400.0,0
4956,4,4,1996,Rural,1,917000.0,0
3922,1,3,2001,Suburban,1,1008800.0,1
4700,1,1,2003,Rural,0,750100.0,0
1323,3,4,2009,Urban,1,696300.0,0
3193,5,2,2006,Suburban,0,916300.0,0
3917,5,3,1996,Suburban,0,1079100.0,1
3393,1,4,1980,Urban,1,993000.0,1
2768,2,2,1995,Rural,1,538300.0,0
2553,4,4,1975,Rural,1,607500.0,0
3096,2,2,1954,Rural,1,570100.0,0
3061,2,3,2001,Suburban,1,797400.0,0
3086,1,4,2024,Urban,0,971400.0,0
3678,1,4,2003,Urban,1,1118100.0,1
4943,1,1,1982,Rural,1,823600.0,0
4444,1,3,1999,Urban,1,1226200.0,1
2855,5,2,1987,Suburban,1,771500.0,0
2076,1,4,1976,Suburban,0,600000.0,0
3566,5,4,1964,Suburban,1,954300.0,0
1102,5,2,2010,Rural,1,358700.0,0
1438,1,3,1970,Urban,1,476000.0,0
855,3,1,1995,Urban,1,500700.0,0
1325,4,1,2018,Urban,1,656100.0,0
4923,2,4,1955,Suburban,1,1130200.0,1
2925,5,2,1987,Urban,1,1041000.0,1
4087,4,4,2011,Urban,1,1326900.0,1
1164,3,2,2011,Rural,0,397800.0,0
2446,2,1,2023,Rural,0,472600.0,0
1718,2,3,1995,Urban,1,680700.0,0
3597,5,2,1962,Suburban,0,880600.0,0
2331,1,1,1952,Rural,0,392400.0,0
4145,3,4,1955,Urban,1,1192900.0,1
2706,5,2,1957,Urban,1,926100.0,0
3886,3,3,1993,Urban,1,1181500.0,1
2875,1,4,1982,Suburban,0,757800.0,0
1513,1,4,2024,Urban,0,662700.0,0
1862,5,1,1999,Rural,0,521100.0,0
2776,1,2,1960,Suburban,1,669700.0,0
2096,4,4,1977,Suburban,1,680000.0,0
925,2,3,2019,Urban,1,555300.0,0
4396,5,2,1990,Suburban,0,1086700.0,1
4083,3,3,1965,Suburban,1,1040200.0,1
2403,4,4,2017,Suburban,1,808100.0,0
866,5,3,1997,Suburban,1,498700.0,0
1032,1,1,2005,Suburban,1,386300.0,0
2956,1,3,2013,Rural,1,612600.0,0
1969,1,2,2008,Rural,0,417400.0,0
2958,1,3,2011,Suburban,0,760800.0,0
2293,3,3,2025,Urban,1,929800.0,0
4807,4,1,1960,Urban,0,1259900.0,1
3272,2,3,1967,Urban,0,943100.0,0
3460,3,3,1968,Suburban,0,883600.0,0
3539,3,4,2004,Suburban,0,911500.0,0
2561,2,4,1975,Suburban,1,740800.0,0
4314,2,2,1955,Rural,1,699700.0,0
2775,1,4,1953,Rural,1,544700.0,0
3162,3,4,1978,Rural,1,620700.0,0
1676,5,4,2008,Urban,1,836400.0,0
4612,2,4,1966,Suburban,1,1121400.0,1
4248,2,1,1992,Urban,1,1196100.0,1
2112,4,4,2015,Urban,1,897200.0,0
2260,5,1,1983,Urban,0,796400.0,0
3509,5,1,1957,Urban,1,1045100.0,1
3124,2,4,1962,Suburban,1,851300.0,0
2533,1,3,1957,Rural,1,462500.0,0
2405,4,1,2014,Urban,1,853700.0,0
3363,5,3,1992,Suburban,1,982000.0,1
4221,2,3,1988,Suburban,1,1011600.0,1
4317,5,4,2008,Urban,0,1336100.0,1
3197,4,2,1993,Suburban,1,850700.0,0
4535,4,4,1958,Urban,1,1309800.0,1
3670,3,2,1986,Suburban,1,933300.0,0
1960,2,2,2023,Suburban,0,623900.0,0
1042,4,4,1985,Urban,1,635000.0,0
3390,3,4,1977,Urban,1,1084800.0,1
1863,3,2,1991,Suburban,0,579800.0,0
3395,5,4,1992,Rural,1,728300.0,0
1719,5,2,1991,Urban,0,735300.0,0
805,3,3,2015,Suburban,1,500800.0,0
1267,5,4,2004,Suburban,1,620200.0,0
4970,4,3,2021,Rural,1,928700.0,0
803,1,1,1997,Rural,0,211400.0,0
1445,4,3,1971,Suburban,1,518600.0,0
917,3,3,1976,Suburban,0,427100.0,0
3728,3,2,2016,Rural,0,725600.0,0
3351,4,3,1962,Suburban,0,882200.0,0
1646,5,4,1994,Urban,0,757000.0,0
3562,5,2,1959,Urban,1,1133700.0,1
1941,3,1,1958,Rural,0,381600.0,0
2610,2,4,2003,Rural,1,597800.0,0
1523,5,1,1976,Urban,1,660400.0,0
1024,4,3,1983,Suburban,1,478600.0,0
2848,5,4,1950,Suburban,1,848200.0,0
2373,4,4,1981,Urban,1,902400.0,0
2628,3,1,2020,Rural,1,578000.0,0
2717,5,4,2016,Urban,0,1029300.0,1
2826,4,4,1969,Urban,1,969600.0,0
4544,3,4,1984,Suburban,0,1169300.0,1
1701,2,3,1966,Suburban,0,541800.0,0
2839,4,1,1967,Urban,0,885600.0,0
809,2,4,1994,Suburban,1,435500.0,0
1060,2,2,2002,Suburban,0,448400.0,0
2473,1,2,2017,Urban,1,835200.0,0
3019,5,2,2014,Urban,0,1041300.0,1
2860,4,2,1950,Suburban,1,757900.0,0
4513,2,3,2007,Urban,0,1273000.0,1
2419,1,4,1975,Rural,0,400200.0,0
1120,3,1,1969,Rural,1,317200.0,0
2142,4,4,1959,Rural,0,477000.0,0
3176,2,3,2008,Urban,1,1057400.0,1
3632,5,2,2024,Rural,1,768000.0,0
3624,1,3,1990,Suburban,0,840600.0,0
2794,2,4,1954,Urban,1,870600.0,0
3758,5,1,2014,Urban,0,1149800.0,1
2838,2,3,1966,Urban,1,888400.0,0
4290,4,1,1971,Suburban,0,1018800.0,1
4477,4,3,1990,Suburban,1,1162800.0,1
1918,4,1,2017,Urban,0,729900.0,0
2404,1,1,2018,Suburban,1,669300.0,0
4827,4,2,1960,Urban,1,1305500.0,1
1035,5,1,2005,Suburban,1,531100.0,0
2769,2,2,2000,Suburban,1,773200.0,0
2708,3,4,1970,Rural,1,587200.0,0
1175,5,4,2025,Rural,1,465000.0,0
4330,5,2,1975,Suburban,0,1084200.0,1
3435,4,2,1968,Suburban,0,910900.0,0
2370,1,3,2009,Suburban,0,658700.0,0
3360,2,3,2020,Rural,1,681400.0,0
4191,1,3,1996,Urban,1,1156500.0,1
3765,2,4,2020,Urban,1,1166800.0,1
4443,2,3,1975,Urban,0,1210500.0,1
4650,1,1,1989,Suburban,1,1069300.0,1
1672,5,1,1954,Suburban,0,528700.0,0
2052,2,3,1970,Rural,1,443200.0,0
2114,1,1,1953,Urban,1,606600.0,0
3698,2,4,1972,Suburban,1,920500.0,0
877,3,1,1964,Rural,1,281200.0,0
3421,5,4,1957,Rural,1,663600.0,0
1400,4,2,1990,Suburban,0,558700.0,0
1865,2,2,1968,Suburban,1,533100.0,0
2936,3,2,1995,Urban,0,942500.0,0
3249,4,2,1977,Rural,1,614500.0,0
3143,4,1,2017,Urban,1,1060600.0,1
2663,2,3,1964,Rural,0,524100.0,0
2118,1,1,1986,Suburban,0,555900.0,0
4397,2,4,1950,Suburban,1,1007300.0,1
4562,3,1,2016,Urban,1,1321300.0,1
2990,4,1,1973,Suburban,1,770800.0,0
1792,2,4,1976,Suburban,0,557100.0,0
3512,1,2,1989,Urban,0,997400.0,1
2992,2,2,2012,Suburban,1,837700.0,0
2048,5,2,2010,Rural,1,538200.0,0
3854,1,3,1985,Suburban,0,881400.0,0
4833,3,4,1973,Suburban,1,1189000.0,1
2797,4,4,1973,Urban,0,941600.0,0
4487,2,1,1953,Suburban,1,932700.0,0
2951,1,3,2016,Urban,1,967800.0,0
4818,5,2,1983,Suburban,1,1199400.0,1
3910,1,3,2006,Rural,1,747300.0,0
2770,5,4,1998,Suburban,1,857900.0,0
997,3,4,2002,Urban,0,486100.0,0
3426,4,1,1972,Suburban,0,860900.0,0
2002,3,1,2018,Suburban,1,659200.0,0
2835,2,4,2002,Suburban,1,774200.0,0
1277,1,2,2011,Rural,1,324500.0,0
2054,5,2,1990,Rural,1,587100.0,0
1722,5,3,2006,Suburban,1,675100.0,0
1219,1,4,2009,Suburban,0,493000.0,0
3004,1,4,2003,Urban,1,946600.0,0
3397,2,2,2019,Urban,1,1006600.0,1
1920,3,2,2006,Suburban,1,636800.0,0
3868,5,4,1959,Suburban,1,1026800.0,1
1750,2,1,1989,Suburban,0,501500.0,0
3136,3,4,1956,Suburban,1,834300.0,0
3043,2,4,1987,Urban,1,985700.0,1
3445,5,2,2010,Suburban,1,980900.0,1
2657,1,2,1952,Urban,0,695400.0,0
2665,1,1,2000,Urban,0,794300.0,0
3712,3,1,1996,Rural,0,624600.0,0
3653,4,3,2017,Urban,0,1121700.0,1
4028,3,4,2025,Suburban,1,1115000.0,1
4519,4,2,1987,Urban,1,1329500.0,1
4028,2,1,1985,Rural,1,701100.0,0
3171,2,3,1990,Suburban,1,806200.0,0
3691,5,3,2018,Urban,1,1228600.0,1
4556,4,2,1962,Suburban,0,1062200.0,1
894,5,2,2007,Suburban,1,471200.0,0
3474,1,3,1999,Rural,1,632300.0,0
2755,4,1,1979,Urban,0,885200.0,0
1593,3,3,2011,Rural,0,466700.0,0
2634,1,4,1974,Rural,1,515900.0,0
2916,1,4,1976,Rural,1,585700.0,0
4906,3,2,2000,Suburban,1,1134300.0,1
4125,1,1,2006,Suburban,0,959700.0,0
3719,4,1,1996,Suburban,1,946200.0,0
3397,5,4,1988,Suburban,1,994500.0,1
4005,1,3,1965,Suburban,0,899800.0,0
1614,4,2,1971,Suburban,1,598200.0,0
1145,2,3,2003,Suburban,0,439100.0,0
3149,4,3,1970,Suburban,1,882600.0,0
1162,5,3,2021,Rural,0,418100.0,0
3243,4,1,1965,Urban,0,947600.0,0
3065,3,4,2008,Rural,0,638900.0,0
2988,5,1,1980,Suburban,0,792000.0,0
3805,2,4,1991,Rural,1,723800.0,0
4081,3,2,2023,Suburban,0,1035200.0,1
1784,4,2,1981,Suburban,1,616300.0,0
2439,5,3,2008,Rural,0,587600.0,0
1627,2,4,1983,Urban,1,686700.0,0
3530,3,4,1958,Rural,1,697500.0,0
4331,2,4,1960,Suburban,0,982200.0,1
3735,4,3,1959,Suburban,1,981300.0,1
4676,2,3,1966,Urban,0,1214200.0,1
926,1,2,2017,Suburban,1,430500.0,0
3977,3,1,1997,Urban,1,1173400.0,1
3856,2,4,2001,Urban,1,1129600.0,1
1403,4,4,1974,Urban,1,673700.0,0
4249,4,1,1970,Urban,1,1195000.0,1
4946,2,4,2014,Rural,0,865200.0,0
4333,4,3,2012,Rural,0,859700.0,0
4167,5,3,2000,Suburban,1,1108000.0,1
4168,5,4,1985,Suburban,1,1104400.0,1
4597,5,3,2015,Urban,1,1439000.0,1
2592,1,3,1964,Suburban,1,687000.0,0
3661,2,4,1988,Rural,1,698000.0,0
4276,1,2,2019,Rural,1,794100.0,0
4217,4,1,1950,Suburban,1,1007700.0,1
2445,1,3,1972,Suburban,1,599400.0,0
2005,4,2,1988,Urban,1,762200.0,0
3830,4,3,2006,Rural,0,737400.0,0
3672,3,3,1983,Urban,0,1100200.0,1
3872,5,1,1990,Suburban,1,949300.0,0
2654,4,3,2022,Suburban,0,886000.0,0
4821,3,1,1962,Suburban,1,1106600.0,1
3508,5,1,2019,Urban,1,1163500.0,1
4302,4,1,1955,Rural,1,781200.0,0
2132,4,2,2001,Urban,1,882500.0,0
1001,1,4,1952,Suburban,1,403100.0,0
4307,1,2,2012,Urban,1,1234000.0,1
1374,5,4,1998,Urban,1,741000.0,0
1336,4,4,2025,Suburban,1,626400.0,0
2425,2,1,1996,Suburban,1,658800.0,0
2922,1,3,2004,Urban,1,901800.0,0
1185,5,1,2013,Urban,1,631100.0,0
4081,4,3,2014,Suburban,1,1065400.0,1
1274,4,4,2016,Suburban,1,604200.0,0
1217,2,1,1964,Rural,1,256700.0,0
4400,5,3,1981,Urban,1,1344200.0,1
1754,4,2,2017,Suburban,1,653500.0,0
2005,1,3,1967,Urban,1,668100.0,0
4920,2,1,1992,Urban,1,1306700.0,1
2790,5,2,1984,Suburban,1,905200.0,0
4372,2,3,2007,Suburban,1,1119500.0,1
4958,1,3,1982,Urban,1,1295500.0,1
3513,5,3,1963,Urban,1,1124500.0,1
3003,2,3,1983,Urban,1,924500.0,0
3920,3,3,2010,Rural,0,721100.0,0
1766,1,2,1953,Rural,1,322800.0,0
4232,1,4,2008,Urban,1,1247000.0,1
1488,1,2,1978,Urban,1,529300.0,0
4501,3,2,1955,Rural,1,797000.0,0
1141,3,2,1998,Rural,1,384500.0,0
2524,4,4,1989,Suburban,1,833200.0,0
2592,2,1,2014,Urban,0,801500.0,0
2559,4,4,2018,Urban,1,1004200.0,1
4012,2,2,1976,Suburban,1,971600.0,1
1789,3,3,1955,Suburban,0,530100.0,0
3062,3,3,1962,Urban,0,903200.0,0
3282,4,2,2013,Suburban,1,970300.0,0
1751,5,3,2011,Urban,1,821600.0,0
1522,4,2,1968,Suburban,0,534700.0,0
4189,2,3,2025,Urban,1,1243400.0,1
2879,4,4,1992,Urban,1,988800.0,1
3517,1,1,2023,Suburban,1,865900.0,0
3132,2,1,1969,Suburban,1,760400.0,0
4176,2,4,2017,Rural,1,774600.0,0
2300,5,4,1993,Suburban,1,791600.0,0
1085,3,2,1972,Urban,1,474800.0,0
4295,2,2,1951,Suburban,1,945400.0,0
2865,3,2,1971,Urban,0,887000.0,0
1568,4,3,2006,Rural,1,477600.0,0
3857,1,2,2021,Suburban,0,925500.0,0
2961,5,4,1956,Suburban,0,811700.0,0
4093,3,1,2005,Urban,0,1140600.0,1
1746,2,3,2016,Suburban,0,580100.0,0
4135,3,2,1965,Rural,1,749300.0,0
4950,2,3,2000,Rural,0,878300.0,0
2281,3,3,2021,Urban,1,866700.0,0
2701,2,2,1961,Urban,1,785700.0,0
4251,4,3,2002,Rural,1,830000.0,0
4864,2,1,2024,Rural,0,816700.0,0
854,2,4,1954,Urban,1,439900.0,0
2623,1,4,1976,Suburban,1,746000.0,0
4262,2,1,1961,Urban,1,1148100.0,1
3879,1,3,1966,Rural,1,676200.0,0
1632,5,2,1955,Urban,1,643400.0,0
3606,1,3,1954,Urban,1,994500.0,1
3290,4,1,2006,Suburban,1,927700.0,0
1127,1,3,1977,Urban,1,481600.0,0
4110,5,4,2018,Suburban,0,1167900.0,1
4100,4,3,2008,Suburban,1,1126700.0,1
4475,3,1,1982,Urban,0,1253100.0,1
3854,3,4,2011,Suburban,1,1052800.0,1
2943,1,3,1999,Suburban,1,797500.0,0
2111,1,3,1968,Urban,1,724300.0,0
3991,5,4,2018,Suburban,1,1148700.0,1
3338,5,2,2015,Rural,1,705800.0,0
4783,2,4,1996,Suburban,1,1155400.0,1
964,5,2,1988,Urban,1,590300.0,0
1622,2,1,2017,Urban,1,615600.0,0
1743,4,1,1982,Urban,0,651500.0,0
1574,1,4,1962,Suburban,1,527900.0,0
2998,4,4,2003,Suburban,1,850600.0,0
3956,5,1,1956,Suburban,0,996500.0,1
4495,4,2,1963,Urban,1,1300800.0,1
4252,4,1,1968,Urban,0,1162900.0,1
1714,4,4,2003,Suburban,1,682700.0,0
2108,5,1,1969,Suburban,1,661400.0,0
4977,4,4,1978,Urban,1,1480500.0,1
1313,2,4,1973,Suburban,0,495700.0,0
2720,5,1,2012,Urban,0,913500.0,0
4394,4,2,2023,Rural,0,844800.0,0
2209,5,3,2006,Rural,1,565800.0,0
3990,3,1,1957,Urban,1,1098000.0,1
2355,2,3,2011,Urban,1,826900.0,0
1604,4,1,1978,Suburban,1,596000.0,0
2079,3,3,2023,Urban,1,864700.0,0
4377,3,2,1966,Suburban,1,1019400.0,1
3701,5,2,2015,Rural,1,734300.0,0
2187,3,1,1955,Suburban,1,589400.0,0
3561,2,4,2007,Rural,1,718200.0,0
3479,2,3,2018,Suburban,0,917100.0,0
2906,1,4,1977,Urban,0,901200.0,0
3568,2,4,2011,Suburban,1,983500.0,1
4753,3,4,1990,Suburban,0,1180500.0,1
3986,2,2,2018,Suburban,1,1017100.0,1
4080,5,1,1990,Urban,1,1201600.0,1
3373,1,1,1998,Urban,1,956700.0,0
3399,3,2,1998,Rural,1,693300.0,0
4833,1,2,2025,Urban,0,1314000.0,1
1036,3,1,2020,Rural,1,365100.0,0
2104,5,4,1952,Rural,1,508900.0,0
4230,1,3,1959,Suburban,1,938600.0,0
2101,4,3,1984,Suburban,1,690300.0,0
3341,3,3,1951,Suburban,1,855000.0,0
2851,4,4,1973,Rural,1,602200.0,0
1241,1,1,2023,Urban,1,535700.0,0
2876,4,2,1987,Suburban,0,770700.0,0
3980,4,1,1971,Suburban,1,1007800.0,1
3457,1,4,1975,Suburban,1,857600.0,0
4598,5,2,1992,Suburban,1,1208300.0,1
1604,4,4,2004,Urban,1,801600.0,0
874,4,3,1988,Suburban,1,471100.0,0
2975,5,3,1978,Rural,1,621300.0,0
4724,4,4,1969,Urban,1,1328400.0,1
2889,4,2,1990,Rural,0,555000.0,0
840,4,2,2003,Suburban,1,432600.0,0
2881,2,1,1969,Rural,0,546000.0,0
2422,5,3,1968,Suburban,0,736700.0,0
1141,4,1,2015,Suburban,1,527900.0,0
4852,5,1,1979,Urban,1,1329800.0,1
2874,3,4,2002,Rural,1,600100.0,0
1445,3,4,1983,Urban,0,653700.0,0
1409,4,1,1971,Rural,1,381700.0,0
1254,5,3,2016,Rural,1,447500.0,0
3753,5,4,1955,Urban,1,1196000.0,1
2508,5,1,1976,Urban,1,915000.0,0
4272,2,1,1959,Suburban,1,953900.0,0
3769,3,1,2022,Urban,1,1155200.0,1
3828,5,1,1997,Rural,1,756100.0,0
3481,5,1,2019,Urban,0,1184000.0,1
4429,2,1,2008,Urban,1,1187100.0,1
3867,2,4,2008,Rural,1,767100.0,0
2186,5,3,1951,Suburban,1,689400.0,0
4576,1,1,1978,Rural,0,744100.0,0
3666,5,2,2017,Urban,1,1198500.0,1
4163,5,4,2014,Suburban,1,1162400.0,1
4924,2,4,1975,Suburban,1,1181400.0,1
948,2,1,1959,Suburban,0,400400.0,0
4650,5,4,2002,Suburban,1,1256900.0,1
2858,5,1,2008,Suburban,1,832000.0,0
1936,5,3,1971,Suburban,1,663300.0,0
986,2,3,2000,Urban,0,490500.0,0
3654,5,4,1997,Suburban,1,1001700.0,1
2050,5,4,1970,Urban,1,830100.0,0
2133,4,2,1971,Suburban,0,653700.0,0
4993,1,4,1979,Urban,0,1292100.0,1
4950,3,2,1974,Suburban,1,1180600.0,1
3511,1,3,1977,Suburban,0,843800.0,0
2585,4,3,2014,Urban,0,919100.0,0
1550,3,1,1994,Urban,1,625300.0,0
2562,5,3,2017,Urban,1,1040700.0,1
4720,4,2,1956,Suburban,0,1109000.0,1
1281,5,4,1998,Rural,1,452000.0,0
953,2,1,1958,Urban,0,372200.0,0
